ìûíÖì˙,ì¸â@é°ó√ìôÇóvÇ∑ÇÈé“ÇÃécêî
2020/03/04,1
2020/03/05,1
2020/03/06,1
2020/03/07,1
2020/03/08,1
2020/03/09,1
2020/03/10,1
2020/03/11,1
2020/03/12,2
2020/03/13,3
2020/03/14,5
2020/03/15,5
2020/03/16,5
2020/03/17,7
2020/03/18,7
2020/03/19,11
2020/03/20,16
2020/03/21,17
2020/03/22,17
2020/03/23,17
2020/03/24,22
2020/03/25,22
2020/03/26,30
2020/03/27,30
2020/03/28,30
2020/03/29,50
2020/03/30,55
2020/03/31,59
2020/04/01,60
2020/04/02,64
2020/04/03,64
2020/04/04,68
2020/04/05,72
2020/04/06,72
2020/04/07,84
2020/04/08,84
2020/04/09,86
2020/04/10,115
2020/04/11,115
2020/04/12,119
2020/04/13,119
2020/04/14,123
2020/04/15,123
2020/04/16,124
2020/04/17,125
2020/04/18,126
2020/04/19,128
2020/04/20,129
2020/04/21,130
2020/04/22,131
2020/04/23,131
2020/04/24,134
2020/04/25,136
2020/04/26,137
2020/04/27,140
2020/04/28,142
2020/04/29,144
2020/04/30,144
2020/05/01,145
2020/05/02,145
2020/05/03,145
2020/05/04,145
2020/05/05,146
2020/05/06,148
2020/05/07,149
2020/05/08,149
2020/05/09,151
2020/05/10,151
2020/05/11,153
2020/05/12,154
2020/05/13,154
2020/05/14,154
2020/05/15,156
2020/05/16,156
2020/05/17,156
2020/05/18,156
2020/05/19,156
2020/05/20,157
2020/05/21,157
2020/05/22,157
2020/05/23,10
2020/05/24,11
2020/05/25,15
2020/05/26,17
2020/05/27,18
2020/05/28,28
2020/05/29,32
2020/05/30,36
2020/05/31,37
2020/06/01,38
2020/06/02,34
2020/06/03,37
2020/06/04,39
2020/06/05,40
2020/06/06,46
2020/06/07,46
2020/06/08,61
2020/06/09,58
2020/06/10,57
2020/06/11,62
2020/06/12,58
2020/06/13,71
2020/06/14,83
2020/06/15,85
2020/06/16,88
2020/06/17,87
2020/06/18,90
2020/06/19,90
2020/06/20,97
2020/06/21,92
2020/06/22,96
2020/06/23,103
2020/06/24,106
2020/06/25,112
2020/06/26,116
2020/06/27,117
2020/06/28,115
2020/06/29,119
2020/06/30,119
2020/07/01,118
2020/07/02,119
2020/07/03,125
2020/07/04,137
2020/07/05,136
2020/07/06,141
2020/07/07,144
2020/07/08,149
2020/07/09,159
2020/07/10,172
2020/07/11,192
2020/07/12,205
2020/07/13,193
2020/07/14,205
2020/07/15,209
2020/07/16,217
2020/07/17,226
2020/07/18,235
2020/07/19,246
2020/07/20,247
2020/07/21,251
2020/07/22,266
2020/07/23,271
2020/07/24,282
2020/07/25,288
2020/07/26,303
2020/07/27,316
2020/07/28,338
2020/07/29,346
2020/07/30,349
2020/07/31,354
2020/08/01,361
2020/08/02,384
2020/08/03,390
2020/08/04,398
2020/08/05,409
2020/08/06,415
2020/08/07,424
2020/08/08,430
2020/08/09,436
2020/08/10,444
2020/08/11,426
2020/08/12,389
2020/08/13,362
2020/08/14,346
2020/08/15,312
2020/08/16,295
2020/08/17,273
2020/08/18,239
2020/08/19,213
2020/08/20,167
2020/08/21,141
2020/08/22,128
2020/08/23,119
2020/08/24,107
2020/08/25,112
2020/08/26,94
2020/08/27,86
2020/08/28,89
2020/08/29,94
2020/08/30,103
2020/08/31,111
2020/09/01,116
2020/09/02,120
2020/09/03,105
2020/09/04,107
2020/09/05,111
2020/09/06,116
2020/09/07,117
2020/09/08,120
2020/09/09,123
2020/09/10,130
2020/09/11,138
2020/09/12,121
2020/09/13,106
2020/09/14,87
2020/09/15,93
2020/09/16,101
2020/09/17,94
2020/09/18,95
2020/09/19,98
2020/09/20,105
2020/09/21,113
2020/09/22,85
2020/09/23,84
2020/09/24,89
2020/09/25,74
2020/09/26,81
2020/09/27,86
2020/09/28,85
2020/09/29,83
2020/09/30,86
2020/10/01,90
2020/10/02,97
2020/10/03,94
2020/10/04,93
2020/10/05,95
2020/10/06,101
2020/10/07,106
2020/10/08,110
2020/10/09,122
2020/10/10,127
2020/10/11,132
2020/10/12,134
2020/10/13,134
2020/10/14,134
2020/10/15,141
2020/10/16,145
2020/10/17,123
2020/10/18,111
2020/10/19,106
2020/10/20,100
2020/10/21,105
2020/10/22,106
2020/10/23,96
2020/10/24,98
2020/10/25,101
2020/10/26,96
2020/10/27,93
2020/10/28,89
2020/10/29,94
2020/10/30,103
2020/10/31,111
2020/11/01,107
2020/11/02,103
2020/11/03,108
2020/11/04,104
2020/11/05,100
2020/11/06,118
2020/11/07,134
2020/11/08,126
2020/11/09,114
2020/11/10,115
2020/11/11,133
2020/11/12,133
2020/11/13,144
2020/11/14,141
2020/11/15,134
2020/11/16,140
2020/11/17,132
2020/11/18,124
2020/11/19,124
2020/11/20,135
2020/11/21,141
2020/11/22,121
2020/11/23,129
2020/11/24,127
2020/11/25,122
2020/11/26,138
2020/11/27,152
2020/11/28,155
2020/11/29,156
2020/11/30,141
2020/12/01,136
2020/12/02,137
2020/12/03,132
2020/12/04,140
2020/12/05,145
2020/12/06,152
2020/12/07,138
2020/12/08,132
2020/12/09,128
2020/12/10,123
2020/12/11,132
2020/12/12,136
2020/12/13,137
2020/12/14,139
2020/12/15,124
2020/12/16,112
2020/12/17,105
2020/12/18,109
2020/12/19,125
2020/12/20,144
2020/12/21,154
2020/12/22,147
2020/12/23,141
2020/12/24,135
2020/12/25,136
2020/12/26,146
2020/12/27,150
2020/12/28,152
2020/12/29,129
2020/12/30,134
2020/12/31,137
2021/01/01,128
2021/01/02,142
2021/01/03,147
2021/01/04,146
2021/01/05,150
2021/01/06,154
2021/01/07,156
2021/01/08,152
2021/01/09,147
2021/01/10,149
2021/01/11,143
2021/01/12,131
2021/01/13,132
2021/01/14,133
2021/01/15,126
2021/01/16,131
2021/01/17,141
2021/01/18,152
2021/01/19,143
2021/01/20,133
2021/01/21,128
2021/01/22,127
2021/01/23,130
2021/01/24,114
2021/01/25,95
2021/01/26,97
2021/01/27,92
2021/01/28,80
2021/01/29,84
2021/01/30,82
2021/01/31,85
2021/02/01,77
2021/02/02,74
2021/02/03,69
2021/02/04,55
2021/02/05,54
2021/02/06,51
2021/02/07,47
2021/02/08,44
2021/02/09,43
2021/02/10,33
2021/02/11,34
2021/02/12,39
2021/02/13,38
2021/02/14,35
2021/02/15,33
2021/02/16,30
2021/02/17,29
2021/02/18,28
2021/02/19,29
2021/02/20,29
2021/02/21,30
2021/02/22,31
2021/02/23,28
2021/02/24,27
2021/02/25,34
2021/02/26,38
2021/02/27,
2021/02/28,
