到着日,全ての国地域,東京都,千葉県,非公表等_行動歴,愛知県,大阪府,フィリピン,兵庫県,京都府,岐阜県,アメリカ,神奈川県,非公表等_居住地,PCR検査人数(前日比),埼玉県,パキスタン,インド,ネパール,インドネシア,福岡県,広島県,ロシア,バングラデシュ,イギリス,アラブ首長国連邦,茨城県
2020/03/--、事例81・82,2,0,0,2,0,0,0,0,0,0,0,0,2,22,0,0,0,0,0,0,0,0,0,0,0,0
2020/03/02,0,0,0,0,0,0,0,0,0,0,0,0,0,24,0,0,0,0,0,0,0,0,0,0,0,0
2020/03/03,0,0,0,0,0,0,0,0,0,0,0,0,0,27,0,0,0,0,0,0,0,0,0,0,0,0
2020/03/04,1,0,0,0,0,0,1,0,0,0,0,0,0,12,0,0,0,0,0,0,0,0,0,0,0,0
2020/03/05,0,0,0,0,0,0,0,0,0,0,0,0,0,11,0,0,0,0,0,0,0,0,0,0,0,0
2020/03/06,0,0,0,0,0,0,0,0,0,0,0,0,0,35,0,0,0,0,0,0,0,0,0,0,0,0
2020/03/07,0,0,0,0,0,0,0,0,0,0,0,0,0,13,0,0,0,0,0,0,0,0,0,0,0,0
2020/03/08,0,0,0,0,0,0,0,0,0,0,0,0,0,10,0,0,0,0,0,0,0,0,0,0,0,0
2020/03/09,0,0,0,0,0,0,0,0,0,0,0,0,0,27,0,0,0,0,0,0,0,0,0,0,0,0
2020/03/10,0,0,0,0,0,0,0,0,0,0,0,0,0,57,0,0,0,0,0,0,0,0,0,0,0,0
2020/03/11,0,0,0,0,0,0,0,0,0,0,0,0,0,45,0,0,0,0,0,0,0,0,0,0,0,0
2020/03/12,2,0,0,0,0,1,0,0,0,0,0,0,1,128,0,0,0,0,0,0,0,1,0,0,0,0
2020/03/13,1,1,0,0,0,0,0,0,0,0,0,0,0,187,0,0,0,0,0,0,0,0,0,1,1,0
2020/03/14,1,0,0,0,0,0,0,0,0,0,0,0,1,238,0,0,0,0,0,0,0,0,0,0,0,0
2020/03/15,0,0,0,0,0,0,0,0,0,0,0,0,0,59,0,0,0,0,0,0,0,0,0,0,0,0
2020/03/16,0,0,0,0,0,0,0,0,0,0,0,0,0,65,0,0,0,0,0,0,0,0,0,0,0,0
2020/03/17,2,0,0,0,0,0,0,0,0,0,0,0,2,14,0,0,0,0,0,0,0,0,0,0,0,0
2020/03/18,0,0,0,0,0,0,0,0,0,0,0,0,0,59,0,0,0,0,0,0,0,0,0,0,0,0
2020/03/19,4,0,0,0,1,1,0,0,0,0,0,0,0,31,0,0,0,0,0,1,0,0,0,0,0,0
2020/03/20,5,2,0,0,0,0,0,0,0,0,0,1,0,51,1,0,0,0,0,0,0,0,0,0,0,0
2020/03/21,1,1,0,0,0,0,0,0,0,0,0,0,0,40,0,0,0,0,0,0,0,0,0,1,0,0
2020/03/22,1,0,0,0,0,0,0,0,0,0,0,0,0,83,0,0,0,0,0,0,0,0,0,0,0,0
2020/03/23,1,0,0,0,0,0,0,0,0,0,0,0,0,20,0,0,0,0,0,0,0,0,0,0,0,0
2020/03/24,3,2,0,0,0,0,0,0,0,0,0,0,0,47,0,0,0,0,0,0,0,0,0,0,0,0
2020/03/25,4,1,2,0,0,0,0,0,0,0,1,0,1,29,0,0,0,0,0,0,0,0,0,1,0,0
2020/03/26,5,1,1,0,0,0,0,1,0,0,0,1,1,17,0,0,0,0,0,0,0,0,0,5,0,0
2020/03/27,4,0,0,0,0,0,0,0,0,0,0,0,4,12,0,0,0,0,0,0,0,0,0,0,0,0
2020/03/28,12,0,0,0,0,0,0,0,0,0,0,0,12,16,0,0,0,0,0,0,0,0,0,0,0,0
2020/03/29,10,1,0,1,0,0,0,0,0,0,0,0,10,62,0,0,0,0,0,0,0,0,0,0,0,0
2020/03/30,5,1,0,2,0,0,0,0,0,0,0,1,2,97,0,0,0,0,0,0,0,0,0,1,0,0
2020/03/31,2,0,0,0,0,0,0,0,0,0,0,0,2,207,0,0,0,0,0,0,0,0,0,0,0,0
2020/04/01,10,0,0,0,0,0,0,0,0,0,2,0,6,46,1,0,0,0,0,0,0,0,0,0,0,1
2020/04/02,1,0,0,0,0,0,0,0,0,0,0,0,0,131,0,0,0,0,0,0,0,0,0,0,0,0
2020/04/03,1,0,0,0,0,0,0,0,0,0,1,0,0,496,0,0,0,0,0,0,0,0,0,0,0,0
2020/04/04,7,2,0,0,0,0,0,0,0,0,5,0,0,590,0,0,0,0,0,0,1,0,0,1,0,1
2020/04/05,6,3,1,0,0,0,0,0,1,0,0,0,0,702,0,0,0,0,0,1,0,0,0,1,0,0
2020/04/06,11,1,0,1,3,1,1,0,0,1,3,1,0,627,0,0,0,0,1,1,0,0,0,3,0,0
2020/04/07,4,2,0,0,0,0,0,0,0,0,3,1,0,685,0,0,0,0,0,0,0,0,0,0,0,0
2020/04/08,2,0,0,1,0,0,0,0,0,0,0,0,1,805,0,0,0,0,0,0,0,0,0,0,0,0
2020/04/09,1,0,0,0,0,0,0,0,0,0,0,0,0,940,0,0,0,0,0,0,0,0,0,0,0,1
2020/04/10,6,2,0,4,0,0,0,0,0,0,1,3,0,650,1,0,0,0,0,0,0,0,0,1,0,0
2020/04/11,3,2,0,1,0,0,0,0,0,0,0,0,0,683,0,0,0,0,0,0,0,0,0,0,0,0
2020/04/12,2,1,0,0,0,0,0,0,0,0,0,0,0,833,0,0,0,0,0,0,0,0,0,0,0,0
2020/04/13,0,0,0,0,0,0,0,0,0,0,0,0,0,819,0,0,0,0,0,0,0,0,0,0,0,0
2020/04/14,4,2,0,3,0,0,0,0,0,0,1,1,1,939,0,0,0,0,0,0,0,0,0,0,0,0
2020/04/15,0,0,0,0,0,0,0,0,0,0,0,0,0,694,0,0,0,0,0,0,0,0,0,0,0,0
2020/04/16,1,0,0,0,0,0,1,0,0,0,0,0,0,703,0,0,0,0,0,0,0,0,0,0,0,0
2020/04/17,1,0,0,0,0,0,0,0,0,0,1,0,1,846,0,0,0,0,0,0,0,0,0,0,0,0
2020/04/18,1,0,0,0,0,0,0,0,0,0,0,1,0,778,0,0,0,0,0,0,0,0,0,0,0,0
2020/04/19,0,0,0,0,0,0,0,0,0,0,0,0,0,834,0,0,0,0,0,0,0,0,0,0,0,0
2020/04/20,3,0,0,0,2,0,0,0,0,0,0,0,1,425,0,0,0,0,2,0,0,0,0,0,0,0
2020/04/21,2,1,0,0,0,1,0,0,0,0,0,0,0,668,0,0,0,0,0,0,0,0,0,1,0,0
2020/04/22,1,0,0,0,0,0,1,0,0,0,0,0,0,358,0,0,0,0,0,0,0,0,0,0,0,0
2020/04/23,0,0,0,0,0,0,0,0,0,0,0,0,0,521,0,0,0,0,0,0,0,0,0,0,0,0
2020/04/24,3,1,0,0,0,0,1,0,0,0,1,0,0,687,0,0,0,0,0,0,0,0,0,0,0,0
2020/04/25,2,0,0,0,1,0,0,0,0,0,0,0,0,795,0,0,0,0,0,0,0,0,0,0,0,0
2020/04/26,1,0,0,0,0,0,0,0,0,0,0,0,0,732,1,0,0,0,0,0,0,0,0,0,0,0
2020/04/27,2,0,0,1,0,0,0,0,0,0,0,1,1,592,0,0,0,0,0,0,0,0,0,0,0,0
2020/04/28,3,0,1,0,0,0,0,0,0,0,0,0,0,711,0,0,0,0,0,0,0,0,0,0,0,0
2020/04/29,2,0,0,0,1,0,2,0,0,0,0,0,1,636,0,0,0,0,0,0,0,0,0,0,0,0
2020/04/30,0,0,0,0,0,0,0,0,0,0,0,0,0,591,0,0,0,0,0,0,0,0,0,0,0,0
2020/05/01,1,0,0,1,0,0,0,0,0,0,0,0,1,706,0,0,0,0,0,0,0,0,0,0,0,0
2020/05/02,0,0,0,0,0,0,0,0,0,0,0,0,0,805,0,0,0,0,0,0,0,0,0,0,0,0
2020/05/03,0,0,0,0,0,0,0,0,0,0,0,0,0,692,0,0,0,0,0,0,0,0,0,0,0,0
2020/05/04,0,0,0,0,0,0,0,0,0,0,0,0,0,366,0,0,0,0,0,0,0,0,0,0,0,0
2020/05/05,1,1,0,0,0,0,0,0,0,0,1,0,0,406,0,0,0,0,0,0,0,0,0,0,0,0
2020/05/06,2,0,1,1,0,0,0,0,0,0,0,0,0,399,0,0,0,0,0,0,0,0,0,0,0,0
2020/05/07,1,0,0,1,0,0,0,0,0,0,0,0,1,487,0,0,0,0,0,0,0,0,0,0,0,0
2020/05/08,0,0,0,0,0,0,0,0,0,0,0,0,0,425,0,0,0,0,0,0,0,0,0,0,0,0
2020/05/09,2,0,0,0,0,0,2,0,0,0,0,0,0,581,0,0,0,0,0,0,0,0,0,0,0,0
2020/05/10,1,0,0,1,0,0,0,0,0,0,0,0,1,648,0,0,0,0,0,0,0,0,0,0,0,0
2020/05/11,1,0,0,0,0,0,0,0,0,0,1,0,1,633,0,0,0,0,0,0,0,0,0,0,0,0
2020/05/12,1,1,0,0,0,0,0,0,0,0,1,0,0,692,0,0,0,0,0,0,0,0,0,0,0,0
2020/05/13,0,0,0,0,0,0,0,0,0,0,0,0,0,231,0,0,0,0,0,0,0,0,0,0,0,0
2020/05/14,0,0,0,0,0,0,0,0,0,0,0,0,0,525,0,0,0,0,0,0,0,0,0,0,0,0
2020/05/15,2,1,0,0,0,0,0,0,0,0,1,0,1,578,0,0,0,0,0,0,0,0,0,0,1,0
2020/05/16,0,0,0,0,0,0,0,0,0,0,0,0,0,658,0,0,0,0,0,0,0,0,0,0,0,0
2020/05/17,0,0,0,0,0,0,0,0,0,0,0,0,0,732,0,0,0,0,0,0,0,0,0,0,0,0
2020/05/18,0,0,0,0,0,0,0,0,0,0,0,0,0,482,0,0,0,0,0,0,0,0,0,0,0,0
2020/05/19,0,0,0,0,0,0,0,0,0,0,0,0,0,643,0,0,0,0,0,0,0,0,0,0,0,0
2020/05/20,1,0,0,1,0,0,0,0,0,0,0,0,1,360,0,0,0,0,0,0,0,0,0,0,0,0
2020/05/21,0,0,0,0,0,0,0,0,0,0,0,0,0,513,0,0,0,0,0,0,0,0,0,0,0,0
2020/05/22,1,0,0,0,0,0,0,0,0,0,1,0,0,506,0,0,0,0,0,0,0,0,0,0,0,1
2020/05/23,2,0,1,0,1,0,1,0,0,0,0,0,0,597,0,0,0,0,0,0,0,0,0,0,0,0
2020/05/24,1,0,0,0,0,0,0,0,0,0,0,0,0,645,0,0,0,0,0,0,0,0,0,0,0,0
2020/05/25,4,0,0,1,3,0,0,0,0,0,0,0,1,449,0,0,0,0,0,0,0,0,0,0,0,0
2020/05/26,3,0,1,1,0,0,0,0,0,0,0,0,1,706,0,0,0,0,0,0,0,0,0,0,1,0
2020/05/27,2,0,0,0,0,0,1,0,0,0,0,0,0,503,0,0,0,0,1,0,0,0,0,0,0,0
2020/05/28,10,2,0,8,7,0,0,0,0,0,0,0,1,595,0,0,0,0,0,0,0,0,0,1,0,0
2020/05/29,4,0,0,1,0,0,1,1,0,1,0,0,1,592,0,2,0,0,0,0,0,0,0,0,0,0
2020/05/30,4,0,0,0,0,0,0,0,0,0,0,0,1,858,2,0,0,0,1,0,0,0,0,0,0,0
2020/05/31,1,0,0,0,0,0,0,0,0,0,0,0,0,1252,0,0,0,0,0,0,0,0,0,1,0,0
2020/06/01,2,0,0,2,0,0,0,0,0,0,0,0,1,748,0,0,0,0,0,0,0,0,0,0,0,0
2020/06/02,3,0,1,1,1,0,2,0,0,0,0,0,1,886,0,0,0,0,0,0,0,0,0,0,0,0
2020/06/03,5,0,1,2,0,0,0,0,0,0,0,0,1,770,1,2,0,0,0,0,0,0,0,0,0,0
2020/06/04,1,0,0,0,0,0,0,0,0,0,0,0,0,709,0,0,0,0,0,0,0,0,0,0,0,0
2020/06/05,1,0,0,0,0,0,1,0,0,0,0,1,0,969,0,0,0,0,0,0,0,0,0,0,0,0
2020/06/06,6,0,0,0,0,0,1,0,0,0,0,3,0,1045,0,0,0,0,0,0,0,0,0,0,0,0
2020/06/07,14,1,0,0,4,0,0,0,0,4,0,0,1,1098,0,14,0,0,0,0,0,0,0,0,0,0
2020/06/08,2,0,0,0,0,0,0,0,0,0,0,1,0,719,1,1,0,0,0,0,0,0,0,0,0,0
2020/06/09,2,0,0,0,0,0,0,0,0,0,0,0,1,827,0,1,0,0,0,0,0,0,0,0,0,0
2020/06/10,0,0,0,0,0,0,0,0,0,0,0,0,0,672,0,0,0,0,0,0,0,0,0,0,0,0
2020/06/11,4,0,0,2,2,0,0,0,0,0,0,0,2,802,0,0,0,0,0,0,0,0,0,0,0,0
2020/06/12,13,1,1,1,0,0,1,0,0,2,1,2,2,1061,3,9,0,0,0,0,0,1,0,0,0,1
2020/06/13,6,1,0,1,0,0,4,0,0,0,0,0,1,1183,2,1,0,0,0,0,0,0,0,0,0,0
2020/06/14,11,0,2,0,4,2,0,0,0,0,0,0,0,1205,0,9,0,0,1,0,0,1,0,0,0,0
2020/06/15,2,0,0,0,0,0,0,0,0,0,1,1,0,878,0,0,0,0,1,0,0,0,0,0,0,0
2020/06/16,3,1,0,0,0,0,1,0,0,0,1,0,0,871,1,1,0,0,0,0,0,0,0,0,0,1
2020/06/17,3,0,1,1,0,0,0,0,0,0,0,0,0,771,1,1,1,0,0,0,0,0,0,0,0,1
2020/06/18,3,0,0,1,2,0,0,0,0,0,0,0,1,838,0,3,0,0,0,0,0,0,0,0,0,0
2020/06/19,2,1,0,0,0,0,0,0,0,0,1,0,0,1173,0,0,0,0,0,0,0,0,0,0,1,0
2020/06/20,6,2,1,0,1,0,0,0,0,0,0,0,0,1155,1,2,1,0,0,1,0,0,0,0,0,0
2020/06/21,2,1,0,1,0,1,0,0,0,0,0,0,0,1440,0,0,0,0,1,0,0,0,0,0,0,0
2020/06/22,8,0,0,3,1,0,3,0,0,0,1,0,3,993,1,0,1,0,0,1,0,0,0,0,0,0
2020/06/23,4,0,0,0,0,0,0,0,0,0,0,0,1,818,0,3,0,0,0,0,0,0,0,0,0,0
2020/06/24,5,0,2,1,0,0,1,0,0,0,1,1,2,794,0,2,0,0,0,0,0,0,0,0,0,0
2020/06/25,3,0,0,0,1,0,0,0,0,0,0,0,1,1064,0,1,0,0,0,0,0,0,0,0,0,0
2020/06/26,5,0,0,1,1,0,2,0,1,1,0,0,1,1239,0,1,0,0,0,0,0,0,0,0,0,0
2020/06/27,0,0,0,0,0,0,0,0,0,0,0,0,0,1117,0,0,0,0,0,0,0,0,0,0,0,0
2020/06/28,7,2,3,0,0,0,0,0,0,0,1,1,0,1335,0,2,2,0,0,0,0,0,0,0,0,0
2020/06/29,0,0,0,0,0,0,0,0,0,0,0,0,0,893,0,0,0,0,0,0,0,0,0,0,0,0
2020/06/30,1,0,1,0,0,0,0,0,0,0,0,0,0,742,0,0,1,0,0,0,0,0,0,0,0,0
2020/07/01,1,0,0,0,0,0,0,0,0,0,0,0,0,1058,1,1,0,0,0,0,0,0,0,0,0,0
2020/07/02,6,2,2,1,0,0,4,0,0,0,0,0,1,1181,0,0,0,0,1,0,0,0,0,0,0,0
2020/07/03,10,2,2,0,0,0,1,0,0,0,0,0,0,1163,2,9,0,0,0,0,0,0,0,0,0,0
2020/07/04,5,1,0,2,1,0,1,0,0,0,0,1,2,1359,0,0,0,0,0,0,0,0,0,0,0,0
2020/07/05,4,0,1,1,2,0,0,0,0,0,0,0,1,1733,0,3,0,0,0,0,0,0,0,0,0,0
2020/07/06,2,1,0,0,0,0,1,0,0,0,1,0,1,1046,0,0,0,0,0,0,0,0,0,0,0,0
2020/07/07,3,0,1,0,1,1,1,0,0,0,0,0,0,1217,0,0,1,0,0,0,0,0,0,0,1,0
2020/07/08,14,0,5,3,0,1,5,0,0,0,3,4,3,1173,1,2,0,0,1,0,0,0,0,0,0,0
2020/07/09,3,1,1,2,0,0,1,0,0,0,0,0,1,1033,0,0,0,0,0,0,0,0,0,0,0,0
2020/07/10,17,0,1,2,0,0,10,4,0,1,1,3,3,1603,2,4,0,0,0,0,0,0,0,0,0,0
2020/07/11,17,1,0,9,4,0,2,1,0,0,0,3,7,1645,0,0,0,0,0,0,0,0,0,2,0,0
2020/07/12,11,1,0,7,0,0,2,0,0,0,4,1,4,1440,0,0,0,0,0,1,0,0,1,0,0,0
2020/07/13,14,0,6,0,1,0,3,0,0,0,0,3,0,903,3,9,0,0,0,0,0,0,0,1,0,1
2020/07/14,3,1,1,1,0,0,1,0,0,0,0,0,1,1126,0,0,1,0,0,0,0,0,0,0,0,0
2020/07/15,9,2,3,1,0,0,5,0,0,0,0,0,2,1071,0,1,0,0,0,0,0,0,0,0,0,1
2020/07/16,5,2,2,1,0,0,1,0,0,0,1,0,1,1097,0,0,0,0,1,0,0,0,0,0,0,0
2020/07/17,10,2,2,1,1,1,4,1,0,0,0,0,1,1682,0,0,3,0,0,0,0,0,0,0,0,0
2020/07/18,6,0,0,1,0,0,1,0,0,0,0,0,1,1344,0,0,0,0,0,0,0,0,0,0,0,0
2020/07/19,15,0,6,7,0,0,5,0,1,0,1,1,6,1627,0,0,0,0,0,0,0,0,0,1,0,1
2020/07/20,12,0,10,1,0,0,10,0,0,0,0,1,1,881,0,0,0,0,1,0,0,0,0,0,0,0
2020/07/21,9,1,3,0,0,2,6,1,0,0,0,1,0,1002,0,0,1,0,0,0,0,0,0,0,0,0
2020/07/22,10,4,2,0,2,0,7,0,0,0,2,0,0,1066,1,0,0,0,0,0,0,0,0,0,0,0
2020/07/23,2,0,0,1,0,0,0,0,0,0,0,0,1,1083,1,1,0,0,0,0,0,0,0,0,0,0
2020/07/24,15,5,2,4,0,1,6,0,0,0,0,0,4,1237,3,3,0,0,0,0,0,0,0,0,0,0
2020/07/25,13,2,5,1,2,1,5,0,0,1,0,0,1,1331,1,0,0,0,0,0,0,0,4,0,0,0
2020/07/26,12,3,2,2,0,3,2,0,0,0,1,1,0,1492,0,0,2,0,0,2,0,0,0,1,0,1
2020/07/27,10,1,4,2,0,0,6,0,0,1,0,1,2,935,0,0,1,0,0,0,0,0,0,0,0,0
2020/07/28,22,2,2,7,2,2,4,0,0,0,2,6,6,1142,1,0,7,0,0,1,0,0,0,0,0,0
2020/07/29,10,3,0,4,0,2,0,0,0,0,2,1,4,528,0,0,0,0,2,0,0,0,0,0,0,0
2020/07/30,2,0,0,0,0,0,0,0,0,0,0,0,1,539,1,0,0,0,0,0,0,0,0,1,0,0
2020/07/31,5,1,2,2,0,0,2,0,0,0,0,0,2,1006,0,0,0,0,0,0,0,0,0,0,0,0
2020/08/01,9,1,2,1,1,0,3,0,0,0,1,0,0,630,0,0,0,0,0,0,0,0,0,0,0,0
2020/08/02,20,1,2,2,1,2,7,1,0,0,8,1,4,751,1,0,0,0,0,3,1,1,0,0,0,0
2020/08/03,7,2,3,0,0,0,1,0,0,0,2,1,0,0,0,0,1,0,1,0,1,0,0,0,0,0
2020/08/04,10,1,6,2,0,1,4,0,0,0,0,0,1,0,0,0,2,1,0,0,0,0,0,0,0,0
2020/08/05,9,0,0,1,1,3,0,0,0,0,3,4,0,46,0,0,0,0,5,0,0,0,0,0,0,0
2020/08/06,7,1,2,2,1,0,2,0,0,0,1,0,1,5,1,0,0,0,0,0,0,0,0,0,0,0
2020/08/07,7,0,3,2,0,1,3,0,0,0,0,0,3,30,0,0,0,0,0,0,0,1,0,0,0,0
2020/08/08,8,1,1,1,0,0,1,0,0,1,1,0,1,13,1,0,0,0,0,0,1,0,0,0,0,0
2020/08/09,9,2,0,1,0,2,4,0,0,0,1,0,1,0,1,0,0,0,0,3,0,0,0,0,0,0
2020/08/10,5,0,2,1,0,0,4,0,0,0,0,2,1,990,0,0,0,0,0,0,0,0,0,0,0,0
2020/08/11,4,1,2,0,0,1,1,0,0,0,0,0,0,1,0,0,0,0,0,0,0,0,0,0,0,0
2020/08/12,2,1,0,0,0,0,0,0,0,0,1,1,0,0,0,0,0,0,1,0,0,0,0,0,0,0
2020/08/13,1,0,1,0,0,0,1,0,0,0,0,0,0,107,0,0,0,0,0,0,0,0,0,0,0,0
2020/08/14,7,3,2,0,0,1,1,0,0,0,1,0,0,0,0,0,1,1,0,0,0,0,0,0,0,0
2020/08/15,3,1,1,1,0,0,1,0,0,0,0,0,1,0,0,0,0,0,0,0,0,0,0,0,0,0
2020/08/16,10,4,1,1,1,1,1,1,0,0,3,1,1,5,0,0,1,0,0,0,0,0,0,1,0,0
2020/08/17,4,0,3,1,0,0,3,0,0,0,0,1,0,39,0,0,0,0,0,0,0,0,0,0,0,0
2020/08/18,3,1,1,0,0,0,0,0,0,0,1,0,1,11,0,0,0,0,0,0,0,1,0,0,0,0
2020/08/19,10,1,2,1,0,1,6,0,0,0,0,1,1,4,0,0,0,0,2,3,0,0,0,0,0,0
2020/08/20,2,1,1,0,0,0,0,0,0,0,0,0,0,77,0,0,1,0,0,0,0,0,0,0,0,0
2020/08/21,2,1,0,0,0,0,0,0,0,0,0,0,1,37,0,0,0,1,0,0,0,0,0,0,0,0
2020/08/22,7,0,3,1,1,1,1,0,0,0,0,1,0,10,0,0,3,0,0,0,0,0,0,0,0,0
2020/08/23,4,0,1,1,0,0,2,0,0,0,0,1,1,1,0,0,0,0,0,1,0,0,0,0,0,0
2020/08/24,5,0,3,0,0,0,4,0,0,0,0,0,0,34,2,0,1,0,0,0,0,0,0,0,0,0
2020/08/25,1,0,0,1,0,0,0,0,0,0,0,1,0,3,0,0,0,0,0,0,0,0,0,0,0,0
2020/08/26,9,2,1,2,0,1,2,0,0,0,0,0,2,0,0,0,0,0,0,2,0,0,0,0,0,0
2020/08/27,3,1,0,2,0,0,0,0,0,0,1,0,2,0,0,0,0,0,0,0,0,0,0,0,0,0
2020/08/28,8,2,0,1,1,0,1,1,0,0,1,1,1,0,0,0,0,0,0,0,0,0,0,0,1,0
2020/08/29,3,0,0,1,0,0,0,0,0,0,0,0,1,0,0,0,0,0,0,0,0,0,0,0,0,0
2020/08/30,7,1,3,1,0,0,2,0,0,0,0,0,2,24,0,0,1,0,0,0,0,0,0,0,0,0
2020/08/31,11,4,0,1,1,1,0,0,0,0,1,1,1,0,0,0,0,0,0,0,0,0,0,1,0,0
2020/09/01,10,2,1,3,0,1,2,1,0,0,1,1,2,0,0,0,0,0,1,1,0,1,0,0,0,0
2020/09/02,2,1,0,1,0,0,0,0,0,0,0,0,1,44,0,0,0,0,0,0,0,0,0,0,0,0
2020/09/03,6,1,0,1,1,0,1,0,1,0,0,0,1,5,2,0,0,0,0,0,0,0,1,0,0,0
2020/09/04,5,1,0,0,0,0,0,0,0,0,1,0,1,39,0,1,0,0,0,1,0,0,0,0,0,1
2020/09/05,4,1,0,1,0,0,0,0,0,0,0,2,1,0,0,0,0,0,0,0,0,0,0,1,0,0
2020/09/06,5,1,1,3,0,0,1,0,0,0,1,0,3,43,0,0,0,0,0,0,0,0,0,0,0,0
2020/09/07,0,0,0,0,0,0,0,0,0,0,0,0,0,0,0,0,0,0,0,0,0,0,0,0,0,0
2020/09/08,3,1,0,1,0,0,1,0,0,0,1,0,1,0,1,0,0,0,0,0,0,0,0,0,0,0
2020/09/09,3,0,1,0,0,1,2,0,0,0,0,0,0,36,0,0,0,0,1,0,0,0,0,0,0,0
2020/09/10,7,0,0,2,1,1,3,0,0,0,0,0,1,12,1,0,0,0,0,2,0,0,0,0,0,0
2020/09/11,5,1,0,1,0,1,1,0,1,0,1,0,2,42,0,0,0,0,0,0,0,0,0,0,0,0
2020/09/12,5,0,0,3,0,0,0,1,0,0,0,1,1,0,0,0,0,0,0,0,1,1,0,0,0,0
2020/09/13,4,0,1,0,0,1,1,0,0,0,2,0,0,44,1,0,0,0,0,0,0,0,0,0,0,0
2020/09/14,3,0,1,1,0,0,1,0,0,0,0,0,1,0,1,0,0,0,0,0,0,0,0,0,0,0
2020/09/15,7,2,0,4,0,0,1,0,0,0,0,0,4,0,0,1,0,0,0,0,0,0,0,0,0,0
2020/09/16,8,0,1,2,0,2,1,0,0,0,0,1,2,0,2,0,0,1,0,0,0,0,0,0,1,0
2020/09/17,9,2,0,2,0,3,3,0,0,0,1,0,2,7,0,0,3,0,0,0,1,0,0,0,0,0
2020/09/18,4,0,1,0,1,0,0,1,0,0,0,0,1,0,0,1,0,1,1,0,0,0,0,0,1,0
2020/09/19,10,5,1,2,0,0,2,0,1,0,0,2,1,0,0,0,2,0,0,0,0,0,0,0,0,0
2020/09/20,8,1,0,0,0,1,0,0,1,0,4,0,0,0,1,0,0,1,0,0,0,1,0,0,0,0
2020/09/21,8,1,0,4,0,0,0,0,0,0,2,1,5,0,1,0,0,0,0,0,0,0,0,0,0,0
2020/09/22,5,1,1,0,0,1,1,0,0,0,2,1,0,0,0,0,0,0,0,0,0,0,0,0,0,0
2020/09/23,7,5,0,0,1,0,1,0,0,0,2,1,0,0,0,0,0,0,0,0,0,0,0,0,0,0
2020/09/24,3,2,0,0,0,0,0,0,0,0,0,0,0,1,0,0,0,0,0,0,0,0,0,0,0,0
2020/09/25,6,1,0,2,0,1,0,0,0,0,0,1,3,0,0,0,0,0,1,0,0,0,0,0,0,0
2020/09/26,7,1,2,0,2,0,2,0,0,0,1,0,0,0,0,1,0,0,1,0,0,0,0,0,0,1
2020/09/27,8,1,1,4,0,2,2,0,0,0,0,0,4,0,0,0,0,0,0,0,0,0,0,0,0,0
2020/09/28,2,0,0,1,0,0,0,0,0,0,0,0,1,0,0,0,0,0,1,0,0,0,0,0,0,0
2020/09/29,7,2,0,1,0,5,2,0,0,0,0,0,0,0,0,1,0,0,0,0,0,0,0,0,0,0
2020/09/30,12,2,2,1,1,0,0,1,0,0,4,4,2,0,0,0,0,3,1,0,0,0,0,0,0,0
2020/10/01,6,3,0,1,0,0,0,2,0,0,4,0,1,0,0,0,1,0,0,0,0,0,0,0,0,0
2020/10/02,15,4,1,4,0,0,2,2,0,0,0,1,3,4,2,0,0,4,0,1,1,0,0,0,0,0
2020/10/03,6,0,1,0,2,1,0,0,1,0,1,0,0,0,1,0,1,1,0,0,0,0,0,0,0,0
2020/10/04,7,2,0,2,0,2,3,0,0,0,1,0,2,0,0,0,0,0,0,0,0,0,0,1,0,0
2020/10/05,7,1,2,0,0,1,1,0,0,0,1,1,0,0,0,0,0,0,0,0,1,0,0,0,0,0
2020/10/06,9,4,1,1,1,0,0,0,0,0,1,2,1,0,0,0,4,0,0,0,0,0,0,0,0,0
2020/10/07,6,2,1,2,0,0,1,0,0,0,0,0,0,0,3,0,0,0,0,0,0,1,0,0,0,0
2020/10/08,6,2,2,0,0,0,0,0,0,0,0,0,1,0,0,0,0,0,0,0,0,1,0,1,0,1
2020/10/09,12,2,1,2,0,2,0,0,0,0,2,3,3,0,1,0,1,4,0,0,0,0,0,0,1,0
2020/10/10,8,3,1,1,1,0,0,0,1,0,0,0,0,1,1,0,0,0,1,0,1,0,0,2,0,0
2020/10/11,2,1,0,0,0,0,1,0,0,0,1,0,0,0,1,0,0,0,0,0,0,0,0,0,0,0
2020/10/12,7,2,0,1,0,0,0,0,0,0,0,0,2,0,1,0,0,2,1,0,0,0,0,0,0,0
2020/10/13,3,0,1,0,0,0,0,0,0,0,0,1,1,1,0,0,2,0,0,0,0,0,0,1,0,0
2020/10/14,6,1,0,2,0,0,0,0,0,0,0,0,3,1,0,0,1,0,1,0,0,0,0,0,0,0
2020/10/15,5,2,0,0,0,0,0,0,0,0,1,0,1,0,0,0,0,2,0,0,0,0,0,0,1,0
2020/10/16,10,2,0,3,0,0,0,1,0,0,2,1,2,2,0,0,0,4,0,1,0,0,0,0,0,0
2020/10/17,9,3,0,1,0,1,0,1,0,0,1,1,2,0,1,0,0,0,0,0,0,0,0,0,0,0
2020/10/18,4,1,1,1,0,1,0,0,0,0,0,0,1,0,0,0,1,0,0,0,0,0,1,0,0,0
2020/10/19,6,1,2,1,0,0,1,0,0,0,1,0,2,0,0,0,0,1,0,0,0,0,0,0,0,0
2020/10/20,7,1,0,1,2,1,0,0,0,0,0,1,1,0,0,0,3,0,0,0,0,0,0,0,0,0
2020/10/21,5,2,1,0,0,0,0,0,0,0,0,1,0,1,0,0,0,0,1,0,0,0,0,1,0,0
2020/10/22,3,0,1,0,0,0,1,0,0,0,0,0,0,0,0,0,0,0,0,0,0,0,0,0,0,2
2020/10/23,16,9,0,3,2,1,0,1,0,0,0,0,2,0,0,0,0,10,0,0,0,0,0,0,0,0
2020/10/24,8,3,0,1,0,0,0,0,0,0,0,2,3,0,0,0,0,0,0,0,0,1,0,1,0,0
2020/10/25,6,1,1,1,0,0,3,0,0,0,1,0,1,0,2,0,0,0,0,1,0,0,0,0,0,0
2020/10/26,2,2,0,0,0,0,0,0,0,0,0,0,0,0,0,0,0,0,0,0,0,0,0,0,0,0
2020/10/27,6,0,0,1,1,1,2,0,0,0,0,0,2,0,1,0,0,0,0,1,0,0,0,0,0,0
2020/10/28,4,0,0,0,0,1,0,0,0,0,0,0,0,0,2,0,1,0,0,0,0,0,1,1,1,1
2020/10/29,9,1,2,3,0,0,1,0,1,0,0,0,3,0,1,0,0,0,1,0,0,0,0,0,0,0
2020/10/30,8,2,0,0,0,0,0,0,0,0,0,2,0,3,0,0,0,5,0,1,1,1,0,0,0,0
2020/10/31,9,1,0,0,0,4,1,0,0,0,1,0,1,0,0,1,0,0,0,0,0,1,0,0,0,0
2020/11/01,9,1,1,1,1,1,0,0,0,0,3,0,0,0,0,0,0,0,0,1,0,3,1,0,0,0
2020/11/02,3,3,0,1,0,0,0,0,0,0,0,0,0,0,0,0,0,0,0,0,0,0,0,0,0,0
2020/11/03,10,2,2,1,1,2,0,0,0,0,2,0,2,0,0,0,3,0,0,0,0,1,0,0,1,0
2020/11/04,7,0,0,0,0,0,1,1,0,0,2,2,0,0,0,0,0,0,3,1,1,0,0,0,0,0
2020/11/05,8,1,0,3,0,0,1,1,0,0,2,2,4,0,0,0,0,0,0,0,0,0,0,1,0,0
2020/11/06,27,4,2,3,1,1,0,0,0,1,15,1,3,0,1,0,0,7,1,4,0,0,0,0,0,1
2020/11/07,19,4,1,2,0,0,2,0,0,0,1,3,2,0,1,2,0,0,0,0,0,1,4,1,0,2
2020/11/08,9,0,0,1,0,0,1,0,0,0,3,3,2,0,0,0,0,0,0,2,1,2,0,0,0,0
2020/11/09,3,0,0,0,1,1,1,0,0,0,0,1,0,0,0,0,0,0,0,0,0,0,0,0,0,0
2020/11/10,9,3,0,4,0,1,0,0,0,0,0,1,4,7,0,1,1,0,0,0,0,0,0,0,1,0
2020/11/11,30,2,1,0,0,0,0,4,0,0,2,0,0,0,1,0,0,4,23,0,17,0,1,0,0,0
2020/11/12,4,1,0,1,0,0,0,0,0,0,1,0,2,0,0,0,0,0,0,0,0,0,0,0,0,0
2020/11/13,19,2,1,6,0,1,2,0,0,0,6,1,7,0,1,0,0,1,1,2,0,1,0,0,0,0
2020/11/14,11,3,1,2,1,1,1,0,0,0,2,0,2,0,1,0,1,0,0,1,0,0,2,1,0,0
2020/11/15,4,0,0,0,1,0,0,0,0,0,1,1,0,0,0,0,0,0,1,0,0,2,0,0,0,0
2020/11/16,9,0,0,4,0,0,0,0,1,0,2,1,4,0,2,0,0,0,1,0,0,0,0,0,0,0
2020/11/17,9,2,2,2,0,1,1,0,0,0,0,1,2,0,0,1,3,0,1,0,1,0,0,0,1,0
2020/11/18,10,2,0,3,0,1,0,0,0,0,3,2,4,0,0,0,0,0,3,0,0,0,0,0,0,0
2020/11/19,15,3,0,3,0,3,2,0,0,0,1,0,4,0,1,0,1,0,4,0,0,0,0,0,0,0
2020/11/20,20,10,2,1,0,0,0,0,0,1,10,3,1,0,0,1,0,4,0,2,0,2,0,0,0,0
2020/11/21,10,2,0,1,1,0,1,1,0,0,2,0,2,4,0,0,0,0,0,0,0,1,1,0,0,0
2020/11/22,11,0,0,3,0,2,1,0,0,0,4,2,3,0,0,0,0,0,0,0,0,2,0,0,0,0
2020/11/23,9,5,0,1,0,0,1,0,0,0,5,0,1,0,0,0,0,0,1,2,0,0,0,0,0,0
2020/11/24,12,5,1,0,0,2,2,0,0,0,5,0,1,0,0,0,3,0,0,0,0,1,0,0,0,0
2020/11/25,9,0,2,1,0,0,1,0,0,0,2,0,2,0,1,0,0,1,4,0,1,0,0,0,0,0
2020/11/26,17,1,2,6,0,0,0,0,0,1,3,1,7,0,0,2,0,0,3,0,0,0,1,0,0,2
2020/11/27,17,4,0,6,1,1,1,0,0,0,2,2,5,0,1,1,1,2,1,0,0,1,0,0,0,0
2020/11/28,11,3,0,2,0,0,0,0,0,0,3,4,2,0,1,1,0,0,0,0,0,0,2,2,0,0
2020/11/29,15,2,1,1,0,2,0,0,0,0,6,3,2,0,0,0,0,0,1,0,1,3,0,0,0,0
2020/11/30,8,0,0,4,0,0,1,0,0,1,2,0,4,0,0,0,0,0,0,0,0,0,1,0,0,1
2020/12/01,12,0,1,7,0,0,0,0,0,0,0,1,9,0,1,0,1,0,1,0,0,0,0,1,0,0
2020/12/02,13,1,0,3,2,0,1,3,0,0,3,2,3,0,1,0,0,0,3,0,0,0,0,0,0,1
2020/12/03,7,1,0,2,0,1,1,0,0,0,3,2,2,0,0,0,0,0,0,0,0,0,0,0,0,0
2020/12/04,14,5,0,1,0,0,1,0,0,0,1,1,1,0,4,0,1,4,1,1,0,1,0,0,0,0
2020/12/05,19,7,2,2,2,1,1,0,0,0,7,0,2,0,1,0,0,0,4,0,0,1,1,0,0,1
2020/12/06,14,1,0,4,0,4,2,0,0,0,5,1,5,0,0,0,0,0,0,1,1,3,0,0,0,0
2020/12/07,9,3,0,1,1,0,0,0,0,0,2,3,1,0,0,0,0,0,1,0,0,0,0,1,0,0
2020/12/08,8,2,0,3,0,0,0,0,0,0,0,0,2,0,2,2,1,0,0,0,0,0,0,0,0,0
2020/12/09,7,2,0,1,1,0,0,0,0,0,3,0,1,0,0,0,0,0,0,0,0,0,0,0,0,0
2020/12/10,8,1,0,1,0,2,1,2,0,0,2,0,1,0,1,0,0,1,1,0,1,0,1,0,0,0
2020/12/11,17,2,2,4,0,1,2,0,0,0,1,3,4,0,0,0,1,2,2,1,0,2,0,1,0,0
2020/12/12,17,5,0,1,1,3,1,1,0,1,1,0,1,0,0,0,0,0,5,0,1,0,2,0,0,0
2020/12/13,15,3,0,6,0,0,3,0,0,0,3,3,6,0,0,0,0,0,0,0,0,1,0,1,0,0
2020/12/14,8,1,1,3,0,0,1,0,0,0,0,1,4,0,0,2,0,0,1,0,0,1,0,0,0,1
2020/12/15,1,0,0,0,0,0,0,0,0,0,0,1,0,0,0,0,1,0,0,0,0,0,0,0,0,0
2020/12/16,7,2,0,1,0,1,0,0,1,0,2,2,1,0,0,0,0,3,1,0,0,0,0,0,0,0
2020/12/17,4,0,0,1,1,0,1,0,0,0,1,1,2,0,0,0,0,0,0,0,0,0,0,0,0,0
2020/12/18,11,2,0,3,1,0,0,1,0,0,1,0,4,0,0,2,1,1,0,0,0,1,0,0,0,0
2020/12/19,27,7,0,9,2,4,1,1,0,0,3,1,8,0,0,0,0,0,4,0,0,2,3,1,0,0
2020/12/20,29,7,1,8,4,1,1,0,0,1,11,1,7,0,3,0,0,0,1,0,0,0,0,4,0,1
2020/12/21,11,2,0,2,0,4,0,0,0,0,2,1,2,0,0,0,0,0,2,0,0,0,0,3,0,0
2020/12/22,14,5,0,3,0,1,0,0,1,0,0,2,2,0,0,0,4,1,1,0,0,0,1,0,1,0
2020/12/23,13,5,2,1,1,1,0,0,0,0,2,2,1,0,0,0,0,3,4,0,0,0,0,0,1,0
2020/12/24,11,4,1,0,0,0,0,1,0,0,2,1,3,0,0,1,0,0,1,0,0,0,0,3,1,0
2020/12/25,7,3,0,0,0,0,0,0,0,0,1,0,1,0,0,0,0,2,0,2,0,1,0,1,0,0
2020/12/26,11,3,1,0,2,0,0,0,1,0,2,0,0,0,0,0,0,0,1,0,0,0,0,4,0,1
2020/12/27,10,2,0,0,2,1,0,0,0,0,4,0,1,0,0,0,0,0,0,0,0,3,0,0,0,0
2020/12/28,8,1,2,0,0,0,1,0,0,0,2,1,2,0,0,0,0,0,1,0,0,0,0,0,0,0
2020/12/29,8,1,0,0,3,1,0,0,0,0,1,0,0,0,0,0,0,0,0,0,1,0,0,1,3,0
2020/12/30,12,2,1,0,1,1,1,1,0,0,2,0,2,0,1,1,0,3,0,1,0,0,1,0,0,0
2020/12/31,8,2,0,0,0,1,2,0,0,0,5,0,4,0,0,0,0,0,0,0,0,0,0,0,0,0
2021/01/01,16,6,2,0,1,1,0,0,0,0,6,4,0,0,0,2,0,2,2,1,0,0,0,0,0,0
2021/01/02,23,6,4,0,1,2,0,1,0,0,1,1,0,0,1,3,2,0,4,0,0,2,1,1,1,1
2021/01/03,19,9,2,0,0,2,3,0,0,0,8,3,0,0,0,0,0,1,1,0,0,3,0,1,0,0
2021/01/04,9,3,0,0,0,1,0,0,0,0,6,2,2,0,0,1,0,0,0,1,0,0,0,1,0,0
2021/01/05,9,6,1,0,0,0,1,1,0,0,2,0,1,0,0,2,2,0,0,0,0,0,0,0,0,0
2021/01/06,10,1,0,0,0,4,0,0,0,0,5,4,0,0,0,1,0,0,2,0,0,0,0,0,0,1
2021/01/07,6,4,0,0,0,0,0,1,0,0,4,1,0,0,0,0,0,0,0,0,0,0,0,0,0,0
2021/01/08,13,4,1,0,0,2,1,0,0,0,3,4,0,0,0,1,0,1,0,1,0,2,0,0,0,0
2021/01/09,11,5,1,0,0,1,0,0,0,0,2,1,0,0,0,0,2,0,1,1,1,0,0,0,2,0
2021/01/10,15,4,1,0,2,2,0,1,0,0,6,3,0,0,1,1,0,0,0,0,0,2,0,1,0,0
2021/01/11,6,3,1,0,0,0,2,0,0,0,1,1,0,0,0,2,0,0,0,0,0,0,0,1,0,1
2021/01/12,8,1,0,0,1,1,0,1,1,0,1,3,0,0,0,0,1,0,1,0,0,0,0,0,0,0
2021/01/13,3,1,1,0,0,0,0,0,0,0,0,0,0,0,1,1,0,0,2,0,0,0,0,0,0,0
2021/01/14,7,1,0,0,0,3,0,0,0,0,0,1,0,0,1,0,0,0,0,1,0,0,0,0,0,0
2021/01/15,12,0,0,0,1,1,0,4,0,1,2,1,0,0,3,1,0,2,0,0,0,0,0,0,0,0
2021/01/16,10,1,3,0,1,0,0,0,0,0,1,2,0,0,1,3,0,0,1,0,0,1,0,0,0,0
2021/01/17,9,0,1,0,2,1,2,0,0,0,2,1,1,0,0,0,0,0,0,0,1,0,0,0,0,0
2021/01/18,18,2,0,0,0,0,0,0,0,0,6,1,15,23,0,0,0,0,0,0,0,0,0,0,0,0
2021/01/19,3,1,0,0,0,1,0,0,0,0,1,0,0,0,0,0,1,0,0,0,0,0,0,0,0,0
2021/01/20,7,1,0,0,1,0,0,0,0,0,2,3,1,0,0,0,0,0,0,0,0,0,0,0,0,0
2021/01/21,3,1,0,0,0,1,0,0,0,0,1,0,0,11,0,0,0,0,0,0,0,0,0,0,1,0
2021/01/22,7,2,0,0,2,0,0,0,0,0,1,1,1,0,1,0,1,1,0,0,0,0,0,1,0,0
2021/01/23,2,0,0,0,0,1,0,0,0,0,0,0,0,13,0,1,0,0,0,0,0,0,0,0,0,0
2021/01/24,5,1,0,0,2,0,3,0,0,0,1,1,0,0,0,0,0,0,0,1,0,0,0,0,0,0
2021/01/25,1,0,0,0,1,0,1,0,0,0,0,0,0,0,0,0,0,0,0,0,0,0,0,0,0,0
2021/01/26,6,2,0,0,0,0,0,0,0,0,4,3,0,0,1,0,0,0,1,0,0,0,0,0,0,0
2021/01/27,4,1,0,0,0,0,0,0,0,0,1,2,0,0,1,0,0,0,0,0,0,0,0,0,0,0
2021/01/28,3,2,0,0,0,1,1,0,0,0,2,0,0,0,0,0,0,0,0,0,0,0,0,0,0,0
2021/01/29,7,2,1,0,0,1,0,0,0,0,1,1,1,0,1,1,0,1,0,0,0,0,0,0,0,0
2021/01/30,0,0,0,0,0,0,0,0,0,0,0,0,0,0,0,0,0,0,0,0,0,0,0,0,0,0
2021/01/31,9,1,0,0,1,1,3,1,0,0,4,0,3,0,0,0,0,0,0,1,0,0,0,0,0,0
2021/02/01,2,1,0,0,1,0,0,0,0,0,0,0,0,0,0,0,0,0,0,0,0,0,0,0,0,0
2021/02/02,2,0,1,0,0,0,1,1,0,0,0,0,0,0,0,0,0,0,0,0,0,0,0,0,1,0
2021/02/03,3,0,0,0,0,0,0,0,0,0,0,1,0,0,1,0,0,0,1,0,0,0,0,0,1,0
2021/02/04,1,1,0,0,0,0,0,0,0,0,1,0,0,0,0,0,0,0,0,0,0,0,0,0,0,0
2021/02/05,2,0,0,0,0,1,0,0,0,0,2,1,0,0,0,0,0,0,0,0,0,0,0,0,0,0
2021/02/06,1,0,0,0,0,0,1,0,0,0,0,0,1,0,0,0,0,0,0,0,0,0,0,0,0,0
2021/02/07,2,0,0,0,0,1,0,0,0,0,0,1,0,0,0,0,0,0,0,0,0,0,0,0,0,0
2021/02/08,2,1,0,0,0,1,0,0,0,0,1,0,0,0,0,0,0,0,0,0,0,0,0,0,0,0
2021/02/09,1,0,0,0,0,0,0,0,0,0,0,1,0,0,0,1,0,0,0,0,0,0,0,0,0,0
2021/02/10,2,0,0,0,0,0,0,0,0,0,0,0,0,0,2,1,0,0,0,0,0,0,0,0,0,0
2021/02/11,2,0,0,0,0,0,0,0,0,0,0,0,0,0,1,2,0,0,0,0,0,0,0,0,0,1
2021/02/12,8,3,0,1,0,0,0,0,0,1,0,1,2,0,0,2,0,0,2,1,0,0,0,0,2,0
2021/02/13,2,0,1,0,1,0,0,0,0,0,1,0,0,0,0,0,0,0,0,0,0,0,0,0,0,0
2021/02/14,1,0,0,0,0,0,1,0,0,0,0,0,0,0,0,0,0,0,0,0,1,0,0,0,0,0
2021/02/15,1,0,0,0,0,1,0,0,0,0,0,0,0,0,0,0,0,0,0,0,0,0,0,0,0,0
2021/02/16,3,0,0,0,0,0,0,0,0,0,0,0,0,0,0,2,0,0,0,0,0,0,0,0,1,0
2021/02/17,2,2,0,0,0,0,0,0,0,0,0,0,0,0,0,0,0,0,1,0,0,0,0,0,0,0
2021/02/18,2,1,0,0,0,0,0,0,0,0,0,0,0,0,0,1,0,0,0,0,0,0,0,0,1,0
2021/02/19,6,1,0,0,0,0,0,0,0,0,2,1,0,0,1,1,1,0,1,0,0,0,0,0,0,2
2021/02/20,2,0,0,0,0,0,1,0,0,0,0,0,0,0,0,1,0,0,0,0,0,0,0,0,0,0
2021/02/21,2,0,0,0,0,0,0,0,0,0,2,0,1,38,0,0,0,0,0,0,0,0,0,0,0,0
2021/02/22,0,0,0,0,0,0,0,0,0,0,0,0,0,0,0,0,0,0,0,0,0,0,0,0,0,0
2021/02/23,2,1,0,0,0,0,0,0,0,0,0,0,1,0,0,0,0,0,0,0,0,0,0,0,0,0
2021/02/24,1,1,0,0,0,0,0,0,0,0,0,0,0,0,0,0,0,0,0,0,0,0,1,0,0,0
2021/02/25,8,5,1,0,0,0,3,0,0,0,0,1,0,11,0,0,0,0,0,0,1,0,0,0,5,0
2021/02/26,14,2,1,8,1,0,0,0,0,0,0,0,9,1,0,1,0,0,1,0,0,0,0,0,2,0
2021/02/27,3,1,0,0,0,1,0,0,0,0,0,0,0,18,0,1,0,0,0,1,0,0,0,0,1,0
2021/02/28,6,2,0,0,0,0,0,0,0,0,2,3,0,0,1,1,0,0,0,0,0,0,0,0,0,0
2021/03/01,3,0,0,0,0,0,0,0,0,0,1,1,0,0,0,0,1,0,0,0,1,0,0,0,0,0
2021/03/02,3,1,0,0,0,1,0,0,0,0,0,0,1,0,0,2,0,0,0,0,0,0,0,0,0,0
2021/03/03,2,0,1,0,1,0,1,0,0,0,0,0,0,0,0,1,0,0,0,0,0,0,0,0,0,0
2021/03/04,2,1,0,0,0,0,0,0,0,0,0,0,0,0,0,1,0,0,0,0,0,0,0,0,0,1
2021/03/05,8,1,1,0,2,0,0,0,0,0,0,0,1,0,0,2,0,1,0,1,0,2,0,0,0,0
2021/03/06,3,1,0,0,0,1,0,0,0,0,0,0,1,0,0,0,0,0,0,0,0,0,0,0,0,0
2021/03/07,2,0,0,0,1,0,0,0,0,0,0,1,0,0,0,0,0,0,0,0,0,0,0,0,0,0
2021/03/08,0,0,0,0,0,0,0,0,0,0,0,0,0,0,0,0,0,0,0,0,0,0,0,0,0,0
2021/03/09,5,0,0,0,1,2,1,0,0,0,0,0,0,0,0,1,1,0,0,0,0,0,0,0,0,1
2021/03/10,2,1,0,0,0,0,1,0,0,0,0,0,0,0,0,0,0,0,0,0,0,0,0,0,1,1
2021/03/11,5,1,0,0,0,1,1,0,0,0,0,0,0,2,0,2,0,0,0,0,0,0,0,0,0,0
2021/03/12,6,3,1,0,0,1,1,0,0,0,0,0,0,0,0,0,1,1,1,0,0,0,0,0,1,0
2021/03/13,6,1,1,0,2,0,2,0,0,0,0,0,1,0,1,0,0,0,0,0,0,0,0,0,1,0
2021/03/14,8,3,1,0,0,0,0,0,0,1,0,0,0,0,0,0,0,0,0,0,0,0,0,0,0,2
2021/03/15,4,0,0,0,0,0,0,0,1,0,0,0,0,1,0,1,0,0,0,0,0,0,0,1,0,0
2021/03/16,11,5,0,0,0,0,2,0,0,0,1,0,1,0,0,4,0,0,0,0,1,0,0,0,0,1
2021/03/17,3,2,0,0,0,0,0,0,0,0,0,0,0,0,0,0,0,0,0,0,0,0,0,0,1,0
2021/03/18,3,2,0,0,0,0,0,0,0,0,1,0,0,0,0,1,0,0,0,0,0,0,0,0,0,1
2021/03/19,6,2,0,0,1,0,0,1,0,0,0,0,0,0,1,1,0,0,0,0,0,0,0,0,1,0
2021/03/20,10,2,1,0,0,1,2,0,0,0,1,0,2,0,0,2,0,0,0,0,0,0,2,0,2,1
2021/03/21,8,1,0,0,0,1,0,0,0,0,1,1,0,0,2,0,2,0,0,0,0,0,1,0,0,1
2021/03/22,2,0,0,0,0,0,0,0,0,0,0,0,0,3,1,1,0,0,0,0,0,0,0,0,0,1
2021/03/23,6,0,0,0,0,0,0,1,0,0,0,3,2,0,0,4,0,0,0,0,0,0,1,0,0,0
2021/03/24,6,2,0,0,0,1,0,1,0,0,2,0,0,0,1,1,0,1,1,0,0,0,0,0,0,0
2021/03/25,5,2,0,0,0,0,2,0,0,0,1,0,1,0,0,0,0,0,0,1,0,0,0,0,0,0
2021/03/26,14,3,1,0,1,0,0,0,0,0,2,0,0,1,1,8,0,0,1,0,2,0,1,0,1,2
2021/03/27,6,0,0,0,1,0,0,0,0,0,0,2,1,0,1,1,0,0,1,0,0,0,1,0,0,0
2021/03/28,6,2,1,0,0,0,0,0,0,0,0,0,0,0,0,2,1,0,0,0,0,0,0,0,0,0
2021/03/29,9,4,0,0,0,0,2,0,0,0,1,0,4,0,1,1,2,1,0,0,0,0,0,0,0,0
2021/03/30,9,4,1,0,1,0,2,1,0,1,2,0,0,0,0,1,1,0,0,0,0,0,0,0,0,0
2021/03/31,9,2,0,0,0,0,0,0,0,0,1,2,0,0,2,6,1,0,0,0,0,0,0,0,0,0
2021/04/01,14,1,1,0,1,1,2,0,1,0,3,4,3,0,0,5,1,0,0,0,0,0,0,0,1,0
2021/04/02,15,2,1,0,2,1,1,0,0,0,0,1,0,0,3,8,1,0,0,0,1,1,0,0,0,0
2021/04/03,9,6,0,0,1,0,0,0,0,0,0,0,0,0,0,1,0,0,0,0,0,0,0,0,0,0
2021/04/04,6,0,0,0,0,0,1,1,0,0,0,0,0,0,0,1,1,0,0,0,0,2,0,0,0,0
2021/04/05,3,0,1,0,2,0,2,0,0,0,0,0,0,0,0,1,0,0,0,0,0,0,0,0,1,0
2021/04/06,7,0,1,0,0,1,1,1,0,0,0,0,2,0,0,3,1,0,0,0,0,0,0,0,0,1
2021/04/07,3,2,0,0,0,0,0,0,0,0,0,0,0,0,1,1,1,0,1,0,0,0,0,0,0,0
2021/04/08,17,1,1,0,0,0,1,0,0,1,1,0,1,0,9,9,0,0,0,2,0,0,0,0,0,0
2021/04/09,19,6,1,0,4,1,2,1,0,1,1,1,0,0,1,7,2,1,0,0,0,0,1,0,0,0
2021/04/10,7,3,0,0,0,1,0,1,0,0,0,0,0,0,1,1,2,0,0,0,0,0,0,0,0,0
2021/04/11,8,3,2,0,0,0,1,0,0,0,1,1,1,0,0,1,5,0,0,0,0,0,0,0,0,1
2021/04/12,6,0,1,0,0,1,1,0,0,0,1,0,3,0,0,0,2,1,0,0,0,0,0,0,0,0
2021/04/13,16,2,0,0,0,0,1,5,0,0,0,2,1,0,1,5,2,0,0,0,1,0,0,1,0,0
2021/04/14,8,2,0,0,0,0,2,0,0,0,0,2,1,0,1,1,2,0,0,0,0,0,0,0,0,0
2021/04/15,12,2,1,0,2,1,0,2,0,0,0,0,0,0,0,7,0,0,1,0,0,0,0,0,1,1
2021/04/16,17,3,0,0,2,2,0,0,0,0,1,0,0,0,1,3,7,2,0,0,0,0,0,0,1,1
2021/04/17,7,0,1,0,2,0,0,0,0,0,0,0,1,0,0,2,3,1,0,1,0,0,0,0,0,1
2021/04/18,14,5,2,3,0,1,0,1,0,0,0,0,3,0,1,3,6,0,1,0,0,0,0,0,0,0
2021/04/19,4,4,0,0,0,0,0,0,0,0,2,0,0,0,0,0,2,0,0,0,0,0,0,0,0,0
2021/04/20,12,7,0,0,0,2,2,0,0,0,0,0,1,4,2,1,8,0,0,0,0,0,0,0,0,0
2021/04/21,10,5,0,0,0,0,1,1,0,0,0,1,1,0,0,0,4,0,0,0,0,0,0,0,0,0
2021/04/22,8,0,2,0,0,0,2,0,0,0,1,4,2,0,0,0,4,0,0,0,0,0,0,0,0,0
2021/04/23,6,0,2,0,1,0,2,0,0,0,1,0,2,0,0,1,0,1,1,0,0,0,0,0,0,1
2021/04/24,8,3,1,0,0,0,1,0,0,0,0,2,0,0,1,1,2,2,0,1,0,0,0,0,0,0
2021/04/25,13,8,2,0,0,0,0,1,0,0,4,0,0,0,0,0,8,0,1,0,0,0,0,0,0,0
2021/04/26,8,1,0,0,0,1,0,0,1,0,0,0,3,0,1,1,5,1,1,0,0,0,0,0,0,0
2021/04/27,8,1,3,0,0,0,3,0,0,0,0,1,2,0,1,2,3,0,0,0,0,0,0,0,0,0
2021/04/28,13,4,0,0,0,3,2,0,0,0,0,1,0,0,1,1,5,4,0,0,0,0,0,0,0,0
2021/04/29,6,1,2,0,0,1,0,0,0,0,0,0,1,0,0,1,3,1,0,0,0,0,0,0,0,0
2021/04/30,23,7,3,0,1,1,2,1,0,0,3,1,2,0,2,1,0,14,0,1,0,1,0,0,0,1
2021/05/01,24,4,1,0,5,1,0,2,0,0,0,5,0,0,0,0,12,11,0,1,0,0,0,0,0,0
2021/05/02,15,5,1,3,0,1,1,0,0,1,2,2,3,0,0,0,6,2,0,0,0,0,0,0,0,0
2021/05/03,4,2,0,1,1,0,0,0,0,0,0,0,1,17,0,0,1,0,0,0,0,0,0,0,0,0
2021/05/04,3,1,0,0,0,0,0,0,0,0,0,1,0,6,0,1,2,0,0,0,0,0,0,0,0,0
2021/05/05,25,5,2,0,2,0,0,1,1,0,1,4,0,0,2,0,5,19,0,4,0,0,0,0,0,1
2021/05/06,6,1,0,0,0,1,1,0,0,0,0,0,2,13,0,0,3,1,0,0,0,0,0,0,0,0
2021/05/07,24,9,0,1,4,1,0,0,0,0,0,1,1,0,1,0,0,18,0,1,0,1,0,0,0,0
2021/05/08,8,2,0,1,0,3,0,0,0,0,0,1,2,0,0,0,4,0,1,0,0,0,1,0,0,0
2021/05/09,8,4,1,0,0,0,1,0,0,0,0,2,0,1,0,0,5,0,0,0,0,0,1,0,0,0
2021/05/10,3,1,1,0,0,0,0,0,0,0,1,0,1,,0,0,2,0,0,0,0,0,0,0,0,0
